Instante de Tempo t,Fila de pedidos,Em produção,Prontos
0,  
1,  
2, Pedido atual: 53922 Pedidos prontos: 
3, Pedido atual: 53922 Pedidos prontos: 
4, Pedido atual: 53922 Pedidos prontos: 
5, 26827,Pedido atual: 53922 Pedidos prontos: 
6, 26827,Pedido atual: 53922 Pedidos prontos: 
7, 26827,Pedido atual: 53922 Pedidos prontos: 
8, 26827,Pedido atual: 53922 Pedidos prontos: 
9, 26827,Pedido atual: 53922 Pedidos prontos: 
10, 26827,Pedido atual: 53922 Pedidos prontos: 
11, 26827,Pedido atual: 53922 Pedidos prontos: 
12, 26827,29795,Pedido atual: 53922 Pedidos prontos: 
13, 26827,29795,82728,49812,Pedido atual: 53922 Pedidos prontos: 
14, 26827,29795,82728,49812,94493,Pedido atual: 53922 Pedidos prontos: 
15, 26827,29795,82728,49812,94493,Pedido atual: 53922 Pedidos prontos: 
16, 26827,29795,82728,49812,94493,Pedido atual: 53922 Pedidos prontos: 
17, 26827,29795,82728,49812,94493,Pedido atual: 53922 Pedidos prontos: 
18, 26827,29795,82728,49812,94493,Pedido atual: 53922 Pedidos prontos: 
19, 26827,29795,82728,49812,94493,Pedido atual: 53922 Pedidos prontos: 
20, 26827,29795,82728,49812,94493,42129,Pedido atual: 53922 Pedidos prontos: 
21, 26827,29795,82728,49812,94493,42129,Pedido atual: 53922 Pedidos prontos: 
22, 26827,29795,82728,49812,94493,42129,Pedido atual: 53922 Pedidos prontos: 
23, 26827,29795,82728,49812,94493,42129,Pedido atual: 53922 Pedidos prontos: 
24, 26827,29795,82728,49812,94493,42129,Pedido atual: 53922 Pedidos prontos: 
25, 26827,29795,82728,49812,94493,42129,Pedido atual: 53922 Pedidos prontos: 
26, 26827,29795,82728,49812,94493,42129,Pedido atual: 53922 Pedidos prontos: 
27, 26827,29795,82728,49812,94493,42129,Pedido atual: 53922 Pedidos prontos: 
28, 29795,82728,49812,94493,42129,Pedido atual: 26827 Pedidos prontos: 53922 
29, 29795,82728,49812,94493,42129,Pedido atual: 26827 Pedidos prontos: 53922 
30, 29795,82728,49812,94493,42129,64546,Pedido atual: 26827 Pedidos prontos: 53922 
31, 29795,82728,49812,94493,42129,64546,54613,Pedido atual: 26827 Pedidos prontos: 53922 
32, 29795,82728,49812,94493,42129,64546,54613,Pedido atual: 26827 Pedidos prontos: 53922 
33, 29795,82728,49812,94493,42129,64546,54613,Pedido atual: 26827 Pedidos prontos: 53922 
34, 29795,82728,49812,94493,42129,64546,54613,Pedido atual: 26827 Pedidos prontos: 53922 
35, 29795,82728,49812,94493,42129,64546,54613,Pedido atual: 26827 Pedidos prontos: 53922 
36, 29795,82728,49812,94493,42129,64546,54613,Pedido atual: 26827 Pedidos prontos: 53922 
37, 29795,82728,49812,94493,42129,64546,54613,Pedido atual: 26827 Pedidos prontos: 53922 
38, 29795,82728,49812,94493,42129,64546,54613,Pedido atual: 26827 Pedidos prontos: 53922 
39, 29795,82728,49812,94493,42129,64546,54613,Pedido atual: 26827 Pedidos prontos: 53922 
40, 29795,82728,49812,94493,42129,64546,54613,Pedido atual: 26827 Pedidos prontos: 53922 
41, 29795,82728,49812,94493,42129,64546,54613,41859,Pedido atual: 26827 Pedidos prontos: 53922 
42, 29795,82728,49812,94493,42129,64546,54613,41859,Pedido atual: 26827 Pedidos prontos: 53922 
43, 82728,49812,94493,42129,64546,54613,41859,Pedido atual: 29795 Pedidos prontos: 26827 53922 
44, 82728,49812,94493,42129,64546,54613,41859,Pedido atual: 29795 Pedidos prontos: 26827 53922 
45, 82728,49812,94493,42129,64546,54613,41859,Pedido atual: 29795 Pedidos prontos: 26827 53922 
46, 82728,49812,94493,42129,64546,54613,41859,Pedido atual: 29795 Pedidos prontos: 26827 53922 
47, 82728,49812,94493,42129,64546,54613,41859,Pedido atual: 29795 Pedidos prontos: 26827 53922 
48, 82728,49812,94493,42129,64546,54613,41859,Pedido atual: 29795 Pedidos prontos: 26827 53922 
49, 82728,49812,94493,42129,64546,54613,41859,Pedido atual: 29795 Pedidos prontos: 26827 53922 
50, 82728,49812,94493,42129,64546,54613,41859,Pedido atual: 29795 Pedidos prontos: 26827 53922 
51, 82728,49812,94493,42129,64546,54613,41859,Pedido atual: 29795 Pedidos prontos: 26827 53922 
52, 82728,49812,94493,42129,64546,54613,41859,89208,Pedido atual: 29795 Pedidos prontos: 26827 53922 
53, 82728,49812,94493,42129,64546,54613,41859,89208,93084,Pedido atual: 29795 Pedidos prontos: 26827 53922 
54, 82728,49812,94493,42129,64546,54613,41859,89208,93084,Pedido atual: 29795 Pedidos prontos: 26827 53922 
55, 82728,49812,94493,42129,64546,54613,41859,89208,93084,Pedido atual: 29795 Pedidos prontos: 26827 53922 
56, 82728,49812,94493,42129,64546,54613,41859,89208,93084,Pedido atual: 29795 Pedidos prontos: 26827 53922 
57, 82728,49812,94493,42129,64546,54613,41859,89208,93084,Pedido atual: 29795 Pedidos prontos: 26827 53922 
58, 82728,49812,94493,42129,64546,54613,41859,89208,93084,Pedido atual: 29795 Pedidos prontos: 26827 53922 
59, 82728,49812,94493,42129,64546,54613,41859,89208,93084,Pedido atual: 29795 Pedidos prontos: 26827 53922 
60, 82728,49812,94493,42129,64546,54613,41859,89208,93084,Pedido atual: 29795 Pedidos prontos: 26827 53922 
61, 82728,49812,94493,42129,64546,54613,41859,89208,93084,Pedido atual: 29795 Pedidos prontos: 26827 53922 
62, 82728,49812,94493,42129,64546,54613,41859,89208,93084,31761,Pedido atual: 29795 Pedidos prontos: 26827 53922 
63, 82728,49812,94493,42129,64546,54613,41859,89208,93084,31761,Pedido atual: 29795 Pedidos prontos: 26827 53922 
64, 82728,49812,94493,42129,64546,54613,41859,89208,93084,31761,Pedido atual: 29795 Pedidos prontos: 26827 53922 
65, 82728,49812,94493,42129,64546,54613,41859,89208,93084,31761,Pedido atual: 29795 Pedidos prontos: 26827 53922 
66, 82728,49812,94493,42129,64546,54613,41859,89208,93084,31761,Pedido atual: 29795 Pedidos prontos: 26827 53922 
67, 82728,49812,94493,42129,64546,54613,41859,89208,93084,31761,Pedido atual: 29795 Pedidos prontos: 26827 53922 
68, 82728,49812,94493,42129,64546,54613,41859,89208,93084,31761,51429,Pedido atual: 29795 Pedidos prontos: 26827 53922 
69, 82728,49812,94493,42129,64546,54613,41859,89208,93084,31761,51429,Pedido atual: 29795 Pedidos prontos: 26827 53922 
70, 82728,49812,94493,42129,64546,54613,41859,89208,93084,31761,51429,Pedido atual: 29795 Pedidos prontos: 26827 53922 
71, 49812,94493,42129,64546,54613,41859,89208,93084,31761,51429,Pedido atual: 82728 Pedidos prontos: 26827 29795 53922 
72, 49812,94493,42129,64546,54613,41859,89208,93084,31761,51429,Pedido atual: 82728 Pedidos prontos: 26827 29795 53922 
73, 49812,94493,42129,64546,54613,41859,89208,93084,31761,51429,Pedido atual: 82728 Pedidos prontos: 26827 29795 53922 
74, 49812,94493,42129,64546,54613,41859,89208,93084,31761,51429,Pedido atual: 82728 Pedidos prontos: 26827 29795 53922 
75, 49812,94493,42129,64546,54613,41859,89208,93084,31761,51429,Pedido atual: 82728 Pedidos prontos: 26827 29795 53922 
76, 49812,94493,42129,64546,54613,41859,89208,93084,31761,51429,Pedido atual: 82728 Pedidos prontos: 26827 29795 53922 
77, 49812,94493,42129,64546,54613,41859,89208,93084,31761,51429,Pedido atual: 82728 Pedidos prontos: 26827 29795 53922 
78, 49812,94493,42129,64546,54613,41859,89208,93084,31761,51429,Pedido atual: 82728 Pedidos prontos: 26827 29795 53922 
79, 49812,94493,42129,64546,54613,41859,89208,93084,31761,51429,Pedido atual: 82728 Pedidos prontos: 26827 29795 53922 
80, 49812,94493,42129,64546,54613,41859,89208,93084,31761,51429,64885,Pedido atual: 82728 Pedidos prontos: 26827 29795 53922 
81, 49812,94493,42129,64546,54613,41859,89208,93084,31761,51429,64885,Pedido atual: 82728 Pedidos prontos: 26827 29795 53922 
82, 49812,94493,42129,64546,54613,41859,89208,93084,31761,51429,64885,Pedido atual: 82728 Pedidos prontos: 26827 29795 53922 
83, 49812,94493,42129,64546,54613,41859,89208,93084,31761,51429,64885,Pedido atual: 82728 Pedidos prontos: 26827 29795 53922 
84, 49812,94493,42129,64546,54613,41859,89208,93084,31761,51429,64885,Pedido atual: 82728 Pedidos prontos: 26827 29795 53922 
85, 49812,94493,42129,64546,54613,41859,89208,93084,31761,51429,64885,Pedido atual: 82728 Pedidos prontos: 26827 29795 53922 
86, 49812,94493,42129,64546,54613,41859,89208,93084,31761,51429,64885,Pedido atual: 82728 Pedidos prontos: 26827 29795 53922 
87, 49812,94493,42129,64546,54613,41859,89208,93084,31761,51429,64885,Pedido atual: 82728 Pedidos prontos: 26827 29795 53922 
88, 94493,42129,64546,54613,41859,89208,93084,31761,51429,64885,Pedido atual: 49812 Pedidos prontos: 26827 29795 53922 82728 
89, 94493,42129,64546,54613,41859,89208,93084,31761,51429,64885,Pedido atual: 49812 Pedidos prontos: 26827 29795 53922 82728 
90, 94493,42129,64546,54613,41859,89208,93084,31761,51429,64885,Pedido atual: 49812 Pedidos prontos: 26827 29795 53922 82728 
91, 94493,42129,64546,54613,41859,89208,93084,31761,51429,64885,Pedido atual: 49812 Pedidos prontos: 26827 29795 53922 82728 
92, 94493,42129,64546,54613,41859,89208,93084,31761,51429,64885,Pedido atual: 49812 Pedidos prontos: 26827 29795 53922 82728 
93, 94493,42129,64546,54613,41859,89208,93084,31761,51429,64885,Pedido atual: 49812 Pedidos prontos: 26827 29795 53922 82728 
94, 94493,42129,64546,54613,41859,89208,93084,31761,51429,64885,Pedido atual: 49812 Pedidos prontos: 26827 29795 53922 82728 
95, 94493,42129,64546,54613,41859,89208,93084,31761,51429,64885,Pedido atual: 49812 Pedidos prontos: 26827 29795 53922 82728 
96, 94493,42129,64546,54613,41859,89208,93084,31761,51429,64885,Pedido atual: 49812 Pedidos prontos: 26827 29795 53922 82728 
97, 94493,42129,64546,54613,41859,89208,93084,31761,51429,64885,Pedido atual: 49812 Pedidos prontos: 26827 29795 53922 82728 
98, 94493,42129,64546,54613,41859,89208,93084,31761,51429,64885,Pedido atual: 49812 Pedidos prontos: 26827 29795 53922 82728 
99, 94493,42129,64546,54613,41859,89208,93084,31761,51429,64885,Pedido atual: 49812 Pedidos prontos: 26827 29795 53922 82728 
100, 94493,42129,64546,54613,41859,89208,93084,31761,51429,64885,Pedido atual: 49812 Pedidos prontos: 26827 29795 53922 82728 
101, 94493,42129,64546,54613,41859,89208,93084,31761,51429,64885,Pedido atual: 49812 Pedidos prontos: 26827 29795 53922 82728 
102, 94493,42129,64546,54613,41859,89208,93084,31761,51429,64885,Pedido atual: 49812 Pedidos prontos: 26827 29795 53922 82728 
103, 94493,42129,64546,54613,41859,89208,93084,31761,51429,64885,Pedido atual: 49812 Pedidos prontos: 26827 29795 53922 82728 
104, 94493,42129,64546,54613,41859,89208,93084,31761,51429,64885,Pedido atual: 49812 Pedidos prontos: 26827 29795 53922 82728 
105, 94493,42129,64546,54613,41859,89208,93084,31761,51429,64885,Pedido atual: 49812 Pedidos prontos: 26827 29795 53922 82728 
106, 94493,42129,64546,54613,41859,89208,93084,31761,51429,64885,Pedido atual: 49812 Pedidos prontos: 26827 29795 53922 82728 
107, 94493,42129,64546,54613,41859,89208,93084,31761,51429,64885,Pedido atual: 49812 Pedidos prontos: 26827 29795 53922 82728 
108, 94493,42129,64546,54613,41859,89208,93084,31761,51429,64885,Pedido atual: 49812 Pedidos prontos: 26827 29795 53922 82728 
109, 94493,42129,64546,54613,41859,89208,93084,31761,51429,64885,Pedido atual: 49812 Pedidos prontos: 26827 29795 53922 82728 
110, 94493,42129,64546,54613,41859,89208,93084,31761,51429,64885,Pedido atual: 49812 Pedidos prontos: 26827 29795 53922 82728 
111, 94493,42129,64546,54613,41859,89208,93084,31761,51429,64885,Pedido atual: 49812 Pedidos prontos: 26827 29795 53922 82728 
112, 94493,42129,64546,54613,41859,89208,93084,31761,51429,64885,Pedido atual: 49812 Pedidos prontos: 26827 29795 53922 82728 
113, 94493,42129,64546,54613,41859,89208,93084,31761,51429,64885,Pedido atual: 49812 Pedidos prontos: 26827 29795 53922 82728 
114, 94493,42129,64546,54613,41859,89208,93084,31761,51429,64885,Pedido atual: 49812 Pedidos prontos: 26827 29795 53922 82728 
115, 94493,42129,64546,54613,41859,89208,93084,31761,51429,64885,Pedido atual: 49812 Pedidos prontos: 26827 29795 53922 82728 
116, 94493,42129,64546,54613,41859,89208,93084,31761,51429,64885,Pedido atual: 49812 Pedidos prontos: 26827 29795 53922 82728 
117, 94493,42129,64546,54613,41859,89208,93084,31761,51429,64885,Pedido atual: 49812 Pedidos prontos: 26827 29795 53922 82728 
118, 42129,64546,54613,41859,89208,93084,31761,51429,64885,Pedido atual: 94493 Pedidos prontos: 26827 29795 49812 53922 82728 
119, 42129,64546,54613,41859,89208,93084,31761,51429,64885,Pedido atual: 94493 Pedidos prontos: 26827 29795 49812 53922 82728 
120, 42129,64546,54613,41859,89208,93084,31761,51429,64885,Pedido atual: 94493 Pedidos prontos: 26827 29795 49812 53922 82728 
121, 42129,64546,54613,41859,89208,93084,31761,51429,64885,Pedido atual: 94493 Pedidos prontos: 26827 29795 49812 53922 82728 
122, 42129,64546,54613,41859,89208,93084,31761,51429,64885,Pedido atual: 94493 Pedidos prontos: 26827 29795 49812 53922 82728 
123, 42129,64546,54613,41859,89208,93084,31761,51429,64885,Pedido atual: 94493 Pedidos prontos: 26827 29795 49812 53922 82728 
124, 42129,64546,54613,41859,89208,93084,31761,51429,64885,Pedido atual: 94493 Pedidos prontos: 26827 29795 49812 53922 82728 
125, 42129,64546,54613,41859,89208,93084,31761,51429,64885,Pedido atual: 94493 Pedidos prontos: 26827 29795 49812 53922 82728 
126, 42129,64546,54613,41859,89208,93084,31761,51429,64885,Pedido atual: 94493 Pedidos prontos: 26827 29795 49812 53922 82728 
127, 42129,64546,54613,41859,89208,93084,31761,51429,64885,Pedido atual: 94493 Pedidos prontos: 26827 29795 49812 53922 82728 
128, 42129,64546,54613,41859,89208,93084,31761,51429,64885,Pedido atual: 94493 Pedidos prontos: 26827 29795 49812 53922 82728 
129, 42129,64546,54613,41859,89208,93084,31761,51429,64885,Pedido atual: 94493 Pedidos prontos: 26827 29795 49812 53922 82728 
130, 42129,64546,54613,41859,89208,93084,31761,51429,64885,Pedido atual: 94493 Pedidos prontos: 26827 29795 49812 53922 82728 
131, 42129,64546,54613,41859,89208,93084,31761,51429,64885,Pedido atual: 94493 Pedidos prontos: 26827 29795 49812 53922 82728 
132, 42129,64546,54613,41859,89208,93084,31761,51429,64885,Pedido atual: 94493 Pedidos prontos: 26827 29795 49812 53922 82728 
133, 64546,54613,41859,89208,93084,31761,51429,64885,Pedido atual: 42129 Pedidos prontos: 26827 29795 49812 53922 82728 94493 
134, 64546,54613,41859,89208,93084,31761,51429,64885,Pedido atual: 42129 Pedidos prontos: 26827 29795 49812 53922 82728 94493 
135, 64546,54613,41859,89208,93084,31761,51429,64885,Pedido atual: 42129 Pedidos prontos: 26827 29795 49812 53922 82728 94493 
136, 64546,54613,41859,89208,93084,31761,51429,64885,Pedido atual: 42129 Pedidos prontos: 26827 29795 49812 53922 82728 94493 
137, 64546,54613,41859,89208,93084,31761,51429,64885,Pedido atual: 42129 Pedidos prontos: 26827 29795 49812 53922 82728 94493 
138, 64546,54613,41859,89208,93084,31761,51429,64885,Pedido atual: 42129 Pedidos prontos: 26827 29795 49812 53922 82728 94493 
139, 64546,54613,41859,89208,93084,31761,51429,64885,Pedido atual: 42129 Pedidos prontos: 26827 29795 49812 53922 82728 94493 
140, 64546,54613,41859,89208,93084,31761,51429,64885,Pedido atual: 42129 Pedidos prontos: 26827 29795 49812 53922 82728 94493 
141, 64546,54613,41859,89208,93084,31761,51429,64885,Pedido atual: 42129 Pedidos prontos: 26827 29795 49812 53922 82728 94493 
142, 64546,54613,41859,89208,93084,31761,51429,64885,Pedido atual: 42129 Pedidos prontos: 26827 29795 49812 53922 82728 94493 
143, 64546,54613,41859,89208,93084,31761,51429,64885,Pedido atual: 42129 Pedidos prontos: 26827 29795 49812 53922 82728 94493 
144, 64546,54613,41859,89208,93084,31761,51429,64885,Pedido atual: 42129 Pedidos prontos: 26827 29795 49812 53922 82728 94493 
145, 64546,54613,41859,89208,93084,31761,51429,64885,Pedido atual: 42129 Pedidos prontos: 26827 29795 49812 53922 82728 94493 
146, 64546,54613,41859,89208,93084,31761,51429,64885,Pedido atual: 42129 Pedidos prontos: 26827 29795 49812 53922 82728 94493 
147, 64546,54613,41859,89208,93084,31761,51429,64885,Pedido atual: 42129 Pedidos prontos: 26827 29795 49812 53922 82728 94493 
148, 64546,54613,41859,89208,93084,31761,51429,64885,Pedido atual: 42129 Pedidos prontos: 26827 29795 49812 53922 82728 94493 
149, 64546,54613,41859,89208,93084,31761,51429,64885,Pedido atual: 42129 Pedidos prontos: 26827 29795 49812 53922 82728 94493 
150, 64546,54613,41859,89208,93084,31761,51429,64885,Pedido atual: 42129 Pedidos prontos: 26827 29795 49812 53922 82728 94493 
151, 64546,54613,41859,89208,93084,31761,51429,64885,Pedido atual: 42129 Pedidos prontos: 26827 29795 49812 53922 82728 94493 
152, 64546,54613,41859,89208,93084,31761,51429,64885,Pedido atual: 42129 Pedidos prontos: 26827 29795 49812 53922 82728 94493 
153, 64546,54613,41859,89208,93084,31761,51429,64885,Pedido atual: 42129 Pedidos prontos: 26827 29795 49812 53922 82728 94493 
154, 64546,54613,41859,89208,93084,31761,51429,64885,Pedido atual: 42129 Pedidos prontos: 26827 29795 49812 53922 82728 94493 
155, 64546,54613,41859,89208,93084,31761,51429,64885,Pedido atual: 42129 Pedidos prontos: 26827 29795 49812 53922 82728 94493 
156, 64546,54613,41859,89208,93084,31761,51429,64885,Pedido atual: 42129 Pedidos prontos: 26827 29795 49812 53922 82728 94493 
157, 64546,54613,41859,89208,93084,31761,51429,64885,Pedido atual: 42129 Pedidos prontos: 26827 29795 49812 53922 82728 94493 
158, 64546,54613,41859,89208,93084,31761,51429,64885,Pedido atual: 42129 Pedidos prontos: 26827 29795 49812 53922 82728 94493 
159, 54613,41859,89208,93084,31761,51429,64885,Pedido atual: 64546 Pedidos prontos: 26827 29795 42129 49812 53922 82728 94493 
160, 54613,41859,89208,93084,31761,51429,64885,Pedido atual: 64546 Pedidos prontos: 26827 29795 42129 49812 53922 82728 94493 
161, 54613,41859,89208,93084,31761,51429,64885,Pedido atual: 64546 Pedidos prontos: 26827 29795 42129 49812 53922 82728 94493 
162, 54613,41859,89208,93084,31761,51429,64885,Pedido atual: 64546 Pedidos prontos: 26827 29795 42129 49812 53922 82728 94493 
163, 54613,41859,89208,93084,31761,51429,64885,Pedido atual: 64546 Pedidos prontos: 26827 29795 42129 49812 53922 82728 94493 
164, 54613,41859,89208,93084,31761,51429,64885,Pedido atual: 64546 Pedidos prontos: 26827 29795 42129 49812 53922 82728 94493 
165, 54613,41859,89208,93084,31761,51429,64885,Pedido atual: 64546 Pedidos prontos: 26827 29795 42129 49812 53922 82728 94493 
166, 54613,41859,89208,93084,31761,51429,64885,Pedido atual: 64546 Pedidos prontos: 26827 29795 42129 49812 53922 82728 94493 
167, 54613,41859,89208,93084,31761,51429,64885,Pedido atual: 64546 Pedidos prontos: 26827 29795 42129 49812 53922 82728 94493 
168, 54613,41859,89208,93084,31761,51429,64885,Pedido atual: 64546 Pedidos prontos: 26827 29795 42129 49812 53922 82728 94493 
169, 54613,41859,89208,93084,31761,51429,64885,Pedido atual: 64546 Pedidos prontos: 26827 29795 42129 49812 53922 82728 94493 
170, 54613,41859,89208,93084,31761,51429,64885,Pedido atual: 64546 Pedidos prontos: 26827 29795 42129 49812 53922 82728 94493 
171, 54613,41859,89208,93084,31761,51429,64885,Pedido atual: 64546 Pedidos prontos: 26827 29795 42129 49812 53922 82728 94493 
172, 41859,89208,93084,31761,51429,64885,Pedido atual: 54613 Pedidos prontos: 26827 29795 42129 49812 53922 64546 82728 94493 
173, 41859,89208,93084,31761,51429,64885,Pedido atual: 54613 Pedidos prontos: 26827 29795 42129 49812 53922 64546 82728 94493 
174, 41859,89208,93084,31761,51429,64885,Pedido atual: 54613 Pedidos prontos: 26827 29795 42129 49812 53922 64546 82728 94493 
175, 41859,89208,93084,31761,51429,64885,Pedido atual: 54613 Pedidos prontos: 26827 29795 42129 49812 53922 64546 82728 94493 
176, 41859,89208,93084,31761,51429,64885,Pedido atual: 54613 Pedidos prontos: 26827 29795 42129 49812 53922 64546 82728 94493 
177, 41859,89208,93084,31761,51429,64885,Pedido atual: 54613 Pedidos prontos: 26827 29795 42129 49812 53922 64546 82728 94493 
178, 41859,89208,93084,31761,51429,64885,Pedido atual: 54613 Pedidos prontos: 26827 29795 42129 49812 53922 64546 82728 94493 
179, 41859,89208,93084,31761,51429,64885,Pedido atual: 54613 Pedidos prontos: 26827 29795 42129 49812 53922 64546 82728 94493 
180, 41859,89208,93084,31761,51429,64885,Pedido atual: 54613 Pedidos prontos: 26827 29795 42129 49812 53922 64546 82728 94493 
181, 41859,89208,93084,31761,51429,64885,Pedido atual: 54613 Pedidos prontos: 26827 29795 42129 49812 53922 64546 82728 94493 
182, 41859,89208,93084,31761,51429,64885,Pedido atual: 54613 Pedidos prontos: 26827 29795 42129 49812 53922 64546 82728 94493 
183, 41859,89208,93084,31761,51429,64885,Pedido atual: 54613 Pedidos prontos: 26827 29795 42129 49812 53922 64546 82728 94493 
184, 41859,89208,93084,31761,51429,64885,Pedido atual: 54613 Pedidos prontos: 26827 29795 42129 49812 53922 64546 82728 94493 
185, 41859,89208,93084,31761,51429,64885,Pedido atual: 54613 Pedidos prontos: 26827 29795 42129 49812 53922 64546 82728 94493 
186, 41859,89208,93084,31761,51429,64885,Pedido atual: 54613 Pedidos prontos: 26827 29795 42129 49812 53922 64546 82728 94493 
187, 41859,89208,93084,31761,51429,64885,Pedido atual: 54613 Pedidos prontos: 26827 29795 42129 49812 53922 64546 82728 94493 
188, 41859,89208,93084,31761,51429,64885,Pedido atual: 54613 Pedidos prontos: 26827 29795 42129 49812 53922 64546 82728 94493 
189, 41859,89208,93084,31761,51429,64885,Pedido atual: 54613 Pedidos prontos: 26827 29795 42129 49812 53922 64546 82728 94493 
190, 41859,89208,93084,31761,51429,64885,Pedido atual: 54613 Pedidos prontos: 26827 29795 42129 49812 53922 64546 82728 94493 
191, 41859,89208,93084,31761,51429,64885,Pedido atual: 54613 Pedidos prontos: 26827 29795 42129 49812 53922 64546 82728 94493 
192, 41859,89208,93084,31761,51429,64885,Pedido atual: 54613 Pedidos prontos: 26827 29795 42129 49812 53922 64546 82728 94493 
193, 41859,89208,93084,31761,51429,64885,Pedido atual: 54613 Pedidos prontos: 26827 29795 42129 49812 53922 64546 82728 94493 
194, 89208,93084,31761,51429,64885,Pedido atual: 41859 Pedidos prontos: 26827 29795 42129 49812 53922 54613 64546 82728 94493 
195, 89208,93084,31761,51429,64885,Pedido atual: 41859 Pedidos prontos: 26827 29795 42129 49812 53922 54613 64546 82728 94493 
196, 89208,93084,31761,51429,64885,Pedido atual: 41859 Pedidos prontos: 26827 29795 42129 49812 53922 54613 64546 82728 94493 
197, 89208,93084,31761,51429,64885,Pedido atual: 41859 Pedidos prontos: 26827 29795 42129 49812 53922 54613 64546 82728 94493 
198, 89208,93084,31761,51429,64885,Pedido atual: 41859 Pedidos prontos: 26827 29795 42129 49812 53922 54613 64546 82728 94493 
199, 89208,93084,31761,51429,64885,Pedido atual: 41859 Pedidos prontos: 26827 29795 42129 49812 53922 54613 64546 82728 94493 
200, 89208,93084,31761,51429,64885,Pedido atual: 41859 Pedidos prontos: 26827 29795 42129 49812 53922 54613 64546 82728 94493 
201, 89208,93084,31761,51429,64885,Pedido atual: 41859 Pedidos prontos: 26827 29795 42129 49812 53922 54613 64546 82728 94493 
202, 89208,93084,31761,51429,64885,Pedido atual: 41859 Pedidos prontos: 26827 29795 42129 49812 53922 54613 64546 82728 94493 
203, 89208,93084,31761,51429,64885,Pedido atual: 41859 Pedidos prontos: 26827 29795 42129 49812 53922 54613 64546 82728 94493 
204, 89208,93084,31761,51429,64885,Pedido atual: 41859 Pedidos prontos: 26827 29795 42129 49812 53922 54613 64546 82728 94493 
205, 89208,93084,31761,51429,64885,Pedido atual: 41859 Pedidos prontos: 26827 29795 42129 49812 53922 54613 64546 82728 94493 
206, 89208,93084,31761,51429,64885,Pedido atual: 41859 Pedidos prontos: 26827 29795 42129 49812 53922 54613 64546 82728 94493 
207, 89208,93084,31761,51429,64885,Pedido atual: 41859 Pedidos prontos: 26827 29795 42129 49812 53922 54613 64546 82728 94493 
208, 89208,93084,31761,51429,64885,Pedido atual: 41859 Pedidos prontos: 26827 29795 42129 49812 53922 54613 64546 82728 94493 
209, 89208,93084,31761,51429,64885,Pedido atual: 41859 Pedidos prontos: 26827 29795 42129 49812 53922 54613 64546 82728 94493 
210, 89208,93084,31761,51429,64885,Pedido atual: 41859 Pedidos prontos: 26827 29795 42129 49812 53922 54613 64546 82728 94493 
211, 89208,93084,31761,51429,64885,Pedido atual: 41859 Pedidos prontos: 26827 29795 42129 49812 53922 54613 64546 82728 94493 
212, 89208,93084,31761,51429,64885,Pedido atual: 41859 Pedidos prontos: 26827 29795 42129 49812 53922 54613 64546 82728 94493 
213, 89208,93084,31761,51429,64885,Pedido atual: 41859 Pedidos prontos: 26827 29795 42129 49812 53922 54613 64546 82728 94493 
214, 89208,93084,31761,51429,64885,Pedido atual: 41859 Pedidos prontos: 26827 29795 42129 49812 53922 54613 64546 82728 94493 
215, 93084,31761,51429,64885,Pedido atual: 89208 Pedidos prontos: 26827 29795 41859 42129 49812 53922 54613 64546 82728 94493 
216, 93084,31761,51429,64885,Pedido atual: 89208 Pedidos prontos: 26827 29795 41859 42129 49812 53922 54613 64546 82728 94493 
217, 93084,31761,51429,64885,Pedido atual: 89208 Pedidos prontos: 26827 29795 41859 42129 49812 53922 54613 64546 82728 94493 
218, 93084,31761,51429,64885,Pedido atual: 89208 Pedidos prontos: 26827 29795 41859 42129 49812 53922 54613 64546 82728 94493 
219, 93084,31761,51429,64885,Pedido atual: 89208 Pedidos prontos: 26827 29795 41859 42129 49812 53922 54613 64546 82728 94493 
220, 93084,31761,51429,64885,Pedido atual: 89208 Pedidos prontos: 26827 29795 41859 42129 49812 53922 54613 64546 82728 94493 
221, 93084,31761,51429,64885,Pedido atual: 89208 Pedidos prontos: 26827 29795 41859 42129 49812 53922 54613 64546 82728 94493 
222, 93084,31761,51429,64885,Pedido atual: 89208 Pedidos prontos: 26827 29795 41859 42129 49812 53922 54613 64546 82728 94493 
223, 93084,31761,51429,64885,Pedido atual: 89208 Pedidos prontos: 26827 29795 41859 42129 49812 53922 54613 64546 82728 94493 
224, 93084,31761,51429,64885,Pedido atual: 89208 Pedidos prontos: 26827 29795 41859 42129 49812 53922 54613 64546 82728 94493 
225, 93084,31761,51429,64885,Pedido atual: 89208 Pedidos prontos: 26827 29795 41859 42129 49812 53922 54613 64546 82728 94493 
226, 93084,31761,51429,64885,Pedido atual: 89208 Pedidos prontos: 26827 29795 41859 42129 49812 53922 54613 64546 82728 94493 
227, 93084,31761,51429,64885,Pedido atual: 89208 Pedidos prontos: 26827 29795 41859 42129 49812 53922 54613 64546 82728 94493 
228, 93084,31761,51429,64885,Pedido atual: 89208 Pedidos prontos: 26827 29795 41859 42129 49812 53922 54613 64546 82728 94493 
229, 93084,31761,51429,64885,Pedido atual: 89208 Pedidos prontos: 26827 29795 41859 42129 49812 53922 54613 64546 82728 94493 
230, 93084,31761,51429,64885,Pedido atual: 89208 Pedidos prontos: 26827 29795 41859 42129 49812 53922 54613 64546 82728 94493 
231, 93084,31761,51429,64885,Pedido atual: 89208 Pedidos prontos: 26827 29795 41859 42129 49812 53922 54613 64546 82728 94493 
232, 93084,31761,51429,64885,Pedido atual: 89208 Pedidos prontos: 26827 29795 41859 42129 49812 53922 54613 64546 82728 94493 
233, 93084,31761,51429,64885,Pedido atual: 89208 Pedidos prontos: 26827 29795 41859 42129 49812 53922 54613 64546 82728 94493 
234, 93084,31761,51429,64885,Pedido atual: 89208 Pedidos prontos: 26827 29795 41859 42129 49812 53922 54613 64546 82728 94493 
235, 93084,31761,51429,64885,Pedido atual: 89208 Pedidos prontos: 26827 29795 41859 42129 49812 53922 54613 64546 82728 94493 
236, 31761,51429,64885,Pedido atual: 93084 Pedidos prontos: 26827 29795 41859 42129 49812 53922 54613 64546 82728 89208 94493 
237, 31761,51429,64885,Pedido atual: 93084 Pedidos prontos: 26827 29795 41859 42129 49812 53922 54613 64546 82728 89208 94493 
238, 31761,51429,64885,Pedido atual: 93084 Pedidos prontos: 26827 29795 41859 42129 49812 53922 54613 64546 82728 89208 94493 
239, 31761,51429,64885,Pedido atual: 93084 Pedidos prontos: 26827 29795 41859 42129 49812 53922 54613 64546 82728 89208 94493 
240, 31761,51429,64885,Pedido atual: 93084 Pedidos prontos: 26827 29795 41859 42129 49812 53922 54613 64546 82728 89208 94493 
241, 31761,51429,64885,Pedido atual: 93084 Pedidos prontos: 26827 29795 41859 42129 49812 53922 54613 64546 82728 89208 94493 
242, 31761,51429,64885,Pedido atual: 93084 Pedidos prontos: 26827 29795 41859 42129 49812 53922 54613 64546 82728 89208 94493 
243, 31761,51429,64885,Pedido atual: 93084 Pedidos prontos: 26827 29795 41859 42129 49812 53922 54613 64546 82728 89208 94493 
244, 31761,51429,64885,Pedido atual: 93084 Pedidos prontos: 26827 29795 41859 42129 49812 53922 54613 64546 82728 89208 94493 
245, 31761,51429,64885,Pedido atual: 93084 Pedidos prontos: 26827 29795 41859 42129 49812 53922 54613 64546 82728 89208 94493 
246, 31761,51429,64885,Pedido atual: 93084 Pedidos prontos: 26827 29795 41859 42129 49812 53922 54613 64546 82728 89208 94493 
247, 31761,51429,64885,Pedido atual: 93084 Pedidos prontos: 26827 29795 41859 42129 49812 53922 54613 64546 82728 89208 94493 
248, 31761,51429,64885,Pedido atual: 93084 Pedidos prontos: 26827 29795 41859 42129 49812 53922 54613 64546 82728 89208 94493 
249, 31761,51429,64885,Pedido atual: 93084 Pedidos prontos: 26827 29795 41859 42129 49812 53922 54613 64546 82728 89208 94493 
250, 31761,51429,64885,Pedido atual: 93084 Pedidos prontos: 26827 29795 41859 42129 49812 53922 54613 64546 82728 89208 94493 
251, 31761,51429,64885,Pedido atual: 93084 Pedidos prontos: 26827 29795 41859 42129 49812 53922 54613 64546 82728 89208 94493 
252, 31761,51429,64885,Pedido atual: 93084 Pedidos prontos: 26827 29795 41859 42129 49812 53922 54613 64546 82728 89208 94493 
253, 31761,51429,64885,Pedido atual: 93084 Pedidos prontos: 26827 29795 41859 42129 49812 53922 54613 64546 82728 89208 94493 
254, 31761,51429,64885,Pedido atual: 93084 Pedidos prontos: 26827 29795 41859 42129 49812 53922 54613 64546 82728 89208 94493 
255, 51429,64885,Pedido atual: 31761 Pedidos prontos: 26827 29795 41859 42129 49812 53922 54613 64546 82728 89208 93084 94493 
256, 51429,64885,Pedido atual: 31761 Pedidos prontos: 26827 29795 41859 42129 49812 53922 54613 64546 82728 89208 93084 94493 
257, 51429,64885,Pedido atual: 31761 Pedidos prontos: 26827 29795 41859 42129 49812 53922 54613 64546 82728 89208 93084 94493 
258, 51429,64885,Pedido atual: 31761 Pedidos prontos: 26827 29795 41859 42129 49812 53922 54613 64546 82728 89208 93084 94493 
259, 51429,64885,Pedido atual: 31761 Pedidos prontos: 26827 29795 41859 42129 49812 53922 54613 64546 82728 89208 93084 94493 
260, 51429,64885,Pedido atual: 31761 Pedidos prontos: 26827 29795 41859 42129 49812 53922 54613 64546 82728 89208 93084 94493 
261, 51429,64885,Pedido atual: 31761 Pedidos prontos: 26827 29795 41859 42129 49812 53922 54613 64546 82728 89208 93084 94493 
262, 51429,64885,Pedido atual: 31761 Pedidos prontos: 26827 29795 41859 42129 49812 53922 54613 64546 82728 89208 93084 94493 
263, 51429,64885,Pedido atual: 31761 Pedidos prontos: 26827 29795 41859 42129 49812 53922 54613 64546 82728 89208 93084 94493 
264, 51429,64885,Pedido atual: 31761 Pedidos prontos: 26827 29795 41859 42129 49812 53922 54613 64546 82728 89208 93084 94493 
265, 51429,64885,Pedido atual: 31761 Pedidos prontos: 26827 29795 41859 42129 49812 53922 54613 64546 82728 89208 93084 94493 
266, 51429,64885,Pedido atual: 31761 Pedidos prontos: 26827 29795 41859 42129 49812 53922 54613 64546 82728 89208 93084 94493 
267, 51429,64885,Pedido atual: 31761 Pedidos prontos: 26827 29795 41859 42129 49812 53922 54613 64546 82728 89208 93084 94493 
268, 51429,64885,Pedido atual: 31761 Pedidos prontos: 26827 29795 41859 42129 49812 53922 54613 64546 82728 89208 93084 94493 
269, 51429,64885,Pedido atual: 31761 Pedidos prontos: 26827 29795 41859 42129 49812 53922 54613 64546 82728 89208 93084 94493 
270, 51429,64885,Pedido atual: 31761 Pedidos prontos: 26827 29795 41859 42129 49812 53922 54613 64546 82728 89208 93084 94493 
271, 51429,64885,Pedido atual: 31761 Pedidos prontos: 26827 29795 41859 42129 49812 53922 54613 64546 82728 89208 93084 94493 
272, 51429,64885,Pedido atual: 31761 Pedidos prontos: 26827 29795 41859 42129 49812 53922 54613 64546 82728 89208 93084 94493 
273, 51429,64885,Pedido atual: 31761 Pedidos prontos: 26827 29795 41859 42129 49812 53922 54613 64546 82728 89208 93084 94493 
274, 51429,64885,Pedido atual: 31761 Pedidos prontos: 26827 29795 41859 42129 49812 53922 54613 64546 82728 89208 93084 94493 
275, 51429,64885,Pedido atual: 31761 Pedidos prontos: 26827 29795 41859 42129 49812 53922 54613 64546 82728 89208 93084 94493 
276, 51429,64885,Pedido atual: 31761 Pedidos prontos: 26827 29795 41859 42129 49812 53922 54613 64546 82728 89208 93084 94493 
277, 51429,64885,Pedido atual: 31761 Pedidos prontos: 26827 29795 41859 42129 49812 53922 54613 64546 82728 89208 93084 94493 
278, 51429,64885,Pedido atual: 31761 Pedidos prontos: 26827 29795 41859 42129 49812 53922 54613 64546 82728 89208 93084 94493 
279, 51429,64885,Pedido atual: 31761 Pedidos prontos: 26827 29795 41859 42129 49812 53922 54613 64546 82728 89208 93084 94493 
280, 51429,64885,Pedido atual: 31761 Pedidos prontos: 26827 29795 41859 42129 49812 53922 54613 64546 82728 89208 93084 94493 
281, 51429,64885,Pedido atual: 31761 Pedidos prontos: 26827 29795 41859 42129 49812 53922 54613 64546 82728 89208 93084 94493 
282, 51429,64885,Pedido atual: 31761 Pedidos prontos: 26827 29795 41859 42129 49812 53922 54613 64546 82728 89208 93084 94493 
283, 51429,64885,Pedido atual: 31761 Pedidos prontos: 26827 29795 41859 42129 49812 53922 54613 64546 82728 89208 93084 94493 
284, 64885,Pedido atual: 51429 Pedidos prontos: 26827 29795 31761 41859 42129 49812 53922 54613 64546 82728 89208 93084 94493 
285, 64885,Pedido atual: 51429 Pedidos prontos: 26827 29795 31761 41859 42129 49812 53922 54613 64546 82728 89208 93084 94493 
286, 64885,Pedido atual: 51429 Pedidos prontos: 26827 29795 31761 41859 42129 49812 53922 54613 64546 82728 89208 93084 94493 
287, 64885,Pedido atual: 51429 Pedidos prontos: 26827 29795 31761 41859 42129 49812 53922 54613 64546 82728 89208 93084 94493 
288, 64885,Pedido atual: 51429 Pedidos prontos: 26827 29795 31761 41859 42129 49812 53922 54613 64546 82728 89208 93084 94493 
289, 64885,Pedido atual: 51429 Pedidos prontos: 26827 29795 31761 41859 42129 49812 53922 54613 64546 82728 89208 93084 94493 
290, 64885,Pedido atual: 51429 Pedidos prontos: 26827 29795 31761 41859 42129 49812 53922 54613 64546 82728 89208 93084 94493 
291, 64885,Pedido atual: 51429 Pedidos prontos: 26827 29795 31761 41859 42129 49812 53922 54613 64546 82728 89208 93084 94493 
292, 64885,Pedido atual: 51429 Pedidos prontos: 26827 29795 31761 41859 42129 49812 53922 54613 64546 82728 89208 93084 94493 
293, 64885,Pedido atual: 51429 Pedidos prontos: 26827 29795 31761 41859 42129 49812 53922 54613 64546 82728 89208 93084 94493 
294, 64885,Pedido atual: 51429 Pedidos prontos: 26827 29795 31761 41859 42129 49812 53922 54613 64546 82728 89208 93084 94493 
295, 64885,Pedido atual: 51429 Pedidos prontos: 26827 29795 31761 41859 42129 49812 53922 54613 64546 82728 89208 93084 94493 
296, 64885,Pedido atual: 51429 Pedidos prontos: 26827 29795 31761 41859 42129 49812 53922 54613 64546 82728 89208 93084 94493 
297, 64885,Pedido atual: 51429 Pedidos prontos: 26827 29795 31761 41859 42129 49812 53922 54613 64546 82728 89208 93084 94493 
298, 64885,Pedido atual: 51429 Pedidos prontos: 26827 29795 31761 41859 42129 49812 53922 54613 64546 82728 89208 93084 94493 
299, 64885,Pedido atual: 51429 Pedidos prontos: 26827 29795 31761 41859 42129 49812 53922 54613 64546 82728 89208 93084 94493 
300, 64885,Pedido atual: 51429 Pedidos prontos: 26827 29795 31761 41859 42129 49812 53922 54613 64546 82728 89208 93084 94493 
301, 64885,Pedido atual: 51429 Pedidos prontos: 26827 29795 31761 41859 42129 49812 53922 54613 64546 82728 89208 93084 94493 
302, 64885,Pedido atual: 51429 Pedidos prontos: 26827 29795 31761 41859 42129 49812 53922 54613 64546 82728 89208 93084 94493 
303, 64885,Pedido atual: 51429 Pedidos prontos: 26827 29795 31761 41859 42129 49812 53922 54613 64546 82728 89208 93084 94493 
304, 64885,Pedido atual: 51429 Pedidos prontos: 26827 29795 31761 41859 42129 49812 53922 54613 64546 82728 89208 93084 94493 
305, 64885,Pedido atual: 51429 Pedidos prontos: 26827 29795 31761 41859 42129 49812 53922 54613 64546 82728 89208 93084 94493 
306, 64885,Pedido atual: 51429 Pedidos prontos: 26827 29795 31761 41859 42129 49812 53922 54613 64546 82728 89208 93084 94493 
307, 64885,Pedido atual: 51429 Pedidos prontos: 26827 29795 31761 41859 42129 49812 53922 54613 64546 82728 89208 93084 94493 
308, 64885,Pedido atual: 51429 Pedidos prontos: 26827 29795 31761 41859 42129 49812 53922 54613 64546 82728 89208 93084 94493 
309, 64885,Pedido atual: 51429 Pedidos prontos: 26827 29795 31761 41859 42129 49812 53922 54613 64546 82728 89208 93084 94493 
310, 64885,Pedido atual: 51429 Pedidos prontos: 26827 29795 31761 41859 42129 49812 53922 54613 64546 82728 89208 93084 94493 
311, 64885,Pedido atual: 51429 Pedidos prontos: 26827 29795 31761 41859 42129 49812 53922 54613 64546 82728 89208 93084 94493 
312, Pedido atual: 64885 Pedidos prontos: 26827 29795 31761 41859 42129 49812 51429 53922 54613 64546 82728 89208 93084 94493 
313, Pedido atual: 64885 Pedidos prontos: 26827 29795 31761 41859 42129 49812 51429 53922 54613 64546 82728 89208 93084 94493 
314, Pedido atual: 64885 Pedidos prontos: 26827 29795 31761 41859 42129 49812 51429 53922 54613 64546 82728 89208 93084 94493 
315, Pedido atual: 64885 Pedidos prontos: 26827 29795 31761 41859 42129 49812 51429 53922 54613 64546 82728 89208 93084 94493 
316, Pedido atual: 64885 Pedidos prontos: 26827 29795 31761 41859 42129 49812 51429 53922 54613 64546 82728 89208 93084 94493 
317, Pedido atual: 64885 Pedidos prontos: 26827 29795 31761 41859 42129 49812 51429 53922 54613 64546 82728 89208 93084 94493 
318, Pedido atual: 64885 Pedidos prontos: 26827 29795 31761 41859 42129 49812 51429 53922 54613 64546 82728 89208 93084 94493 
319, Pedido atual: 64885 Pedidos prontos: 26827 29795 31761 41859 42129 49812 51429 53922 54613 64546 82728 89208 93084 94493 
320, Pedido atual: 64885 Pedidos prontos: 26827 29795 31761 41859 42129 49812 51429 53922 54613 64546 82728 89208 93084 94493 
321, Pedido atual: 64885 Pedidos prontos: 26827 29795 31761 41859 42129 49812 51429 53922 54613 64546 82728 89208 93084 94493 
322, Pedido atual: 64885 Pedidos prontos: 26827 29795 31761 41859 42129 49812 51429 53922 54613 64546 82728 89208 93084 94493 
323, Pedido atual: 64885 Pedidos prontos: 26827 29795 31761 41859 42129 49812 51429 53922 54613 64546 82728 89208 93084 94493 
324, Pedido atual: 64885 Pedidos prontos: 26827 29795 31761 41859 42129 49812 51429 53922 54613 64546 82728 89208 93084 94493 
325, Pedido atual: 64885 Pedidos prontos: 26827 29795 31761 41859 42129 49812 51429 53922 54613 64546 82728 89208 93084 94493 
326, Pedido atual: 64885 Pedidos prontos: 26827 29795 31761 41859 42129 49812 51429 53922 54613 64546 82728 89208 93084 94493 
327, Pedido atual: 64885 Pedidos prontos: 26827 29795 31761 41859 42129 49812 51429 53922 54613 64546 82728 89208 93084 94493 
328, Pedido atual: 64885 Pedidos prontos: 26827 29795 31761 41859 42129 49812 51429 53922 54613 64546 82728 89208 93084 94493 
329,  
